Humidity,Max_temp,Wind_speed,city,date,latitude,longitude
93,46.0,3.0,mataura,1564246152,-46.19,168.86
81,74.03,9.48,rikitea,1564246152,-23.12,-134.97
81,74.03,9.48,attawapiskat,1564246152,-23.12,-134.97
62,88.79,11.34,sardarshahr,1564246153,28.43,74.48
62,88.79,11.34,solovetskiy,1564246153,28.43,74.48
62,88.79,11.34,nizhneyansk,1564246153,28.43,74.48
48,89.01,5.82,lexington,1564246153,38.05,-84.5
75,46.0,8.05,hobart,1564246143,-42.88,147.33
96,70.61,4.47,tougue,1564246154,11.45,-11.68
94,51.89,1.19,sheregesh,1564246154,52.93,87.98
51,80.6,13.42,otradnoye,1564246154,59.77,30.8
36,56.21,3.06,barrow,1564246154,-38.31,-60.23
95,44.01,1.99,burnie,1564246155,-41.05,145.91
95,55.99,6.4,hermanus,1564245957,-34.42,19.24
21,72.59,9.95,yumen,1564246155,40.29,97.04
77,80.33,22.79,atuona,1564246139,-9.8,-139.03
77,80.33,22.79,illoqqortoormiut,1564246139,-9.8,-139.03
87,51.01,6.93,port macquarie,1564246155,-31.43,152.91
98,68.09,2.91,shingu,1564246155,33.72,135.99
61,48.0,12.91,busselton,1564246156,-33.64,115.35
19,60.53,12.33,carnarvon,1564246156,-30.97,22.13
74,78.8,14.99,kapaa,1564246156,22.08,-159.32
66,48.2,6.93,qasigiannguit,1564246156,68.82,-51.19
99,67.19,0.31,nan,1564246156,18.78,100.78
49,93.99,4.7,cabo san lucas,1564245996,22.89,-109.91
94,78.8,5.82,manavalakurichi,1564246157,8.13,77.3
100,51.01,11.36,kaeo,1564246157,-35.1,173.78
54,86.0,13.87,niagara falls,1564246157,43.1,-79.12
87,44.6,8.05,castro,1564246157,-42.48,-73.76
70,86.0,9.17,georgetown,1564246050,6.8,-58.16
71,63.0,5.99,port alfred,1564246158,-33.59,26.89
87,57.2,3.36,bredasdorp,1564246056,-34.53,20.04
58,84.99,10.29,de land,1564246158,40.12,-88.65
47,78.8,13.87,riberalta,1564246158,-11.0,-66.08
54,55.4,4.7,longyearbyen,1564246081,78.22,15.63
54,55.4,4.7,taolanaro,1564246081,78.22,15.63
34,75.65,5.26,ponta do sol,1564246159,-20.63,-46.0
88,78.8,4.7,makakilo city,1564246159,21.35,-158.09
68,84.11,11.86,carutapera,1564246159,-1.2,-46.02
68,71.6,12.75,saint-francois,1564246159,46.42,3.91
94,45.05,3.74,evensk,1564246160,61.92,159.24
62,53.6,9.17,norman wells,1564246160,65.28,-126.83
94,73.0,9.17,hilo,1564246160,19.71,-155.08
87,60.8,3.36,port hardy,1564246160,50.7,-127.42
48,62.6,8.05,narsaq,1564246160,60.91,-46.05
86,41.0,11.41,ushuaia,1564246161,-54.81,-68.31
78,70.79,9.78,guerrero negro,1564246124,27.97,-114.04
57,84.99,14.99,kodiak,1564246161,39.95,-94.76
57,80.6,16.11,arraial do cabo,1564246048,-22.97,-42.02
57,80.6,16.11,samusu,1564246048,-22.97,-42.02
87,51.8,6.35,bethel,1564246161,60.79,-161.76
51,80.6,13.42,nikolskoye,1564246162,59.7,30.79
70,87.8,5.82,freeport,1564246041,26.54,-78.7
62,51.8,11.41,tasiilaq,1564246162,65.61,-37.64
93,59.0,8.05,cape town,1564246077,-33.93,18.42
75,44.6,26.4,punta arenas,1564246162,-53.16,-70.91
39,85.73,11.68,san cristobal,1564246163,14.68,-86.92
99,75.99,4.92,tateyama,1564246163,36.66,137.31
93,54.0,1.23,codrington,1564246163,-28.95,153.24
53,82.0,5.99,saint-prosper,1564246163,46.21,-70.48
43,73.0,11.12,constitucion,1564246163,23.99,-104.67
53,82.99,5.39,ukiah,1564245954,39.15,-123.21
100,53.01,8.05,flinders,1564246164,-34.58,150.85
88,75.2,17.22,vila franca do campo,1564246164,37.72,-25.43
88,53.15,6.55,seymchan,1564246075,62.93,152.39
88,75.2,17.22,ponta delgada,1564246164,37.73,-25.67
73,69.8,12.75,thompson,1564246165,55.74,-97.86
88,41.0,5.01,kaitangata,1564246165,-46.28,169.85
78,66.47,5.06,airai,1564246165,-8.93,125.41
78,66.47,5.06,bengkulu,1564246165,-8.93,125.41
51,89.33,9.08,ati,1564246165,13.21,18.34
88,62.6,10.29,high level,1564246165,58.52,-117.13
67,81.95,13.62,auki,1564246166,12.18,6.51
54,84.99,12.75,hamilton,1564246052,43.26,-79.87
54,84.99,12.75,uralskiy,1564246052,43.26,-79.87
15,69.89,11.32,kruisfontein,1564246101,-34.0,24.73
15,69.89,11.32,sentyabrskiy,1564246101,-34.0,24.73
94,79.0,3.36,katsuura,1564246166,33.93,134.5
88,33.35,3.71,tiksi,1564246100,71.64,128.87
66,86.0,20.8,bathsheba,1564245920,13.22,-59.52
51,86.0,3.36,albany,1564246167,42.65,-73.75
58,86.0,18.34,vila velha,1564246167,-3.71,-38.6
73,60.53,4.56,berdigestyakh,1564245940,62.1,126.7
38,91.4,4.07,jasper,1564246167,33.83,-87.28
83,41.45,33.96,paamiut,1564246168,61.99,-49.67
93,44.6,4.47,anadyr,1564246168,64.73,177.51
20,74.03,1.41,kananga,1564246168,-5.9,22.41
37,86.0,5.82,loviisa,1564246168,60.46,26.23
71,53.01,7.0,necochea,1564246169,-38.55,-58.74
38,77.0,14.99,zamora,1564246169,41.51,-5.74
42,88.0,11.41,saint-philippe,1564246053,45.36,-73.48
83,81.0,11.41,hasaki,1564246169,35.73,140.83
84,81.05,19.39,celestun,1564246169,20.87,-90.4
99,68.45,3.53,nabire,1564246170,-3.36,135.5
69,87.01,11.41,westport,1564246165,41.14,-73.36
6,70.61,9.91,tucuman,1564246170,-17.17,-70.89
76,82.49,11.56,padang,1564246170,-0.92,100.36
54,87.01,3.36,valcourt,1564246170,45.49,-72.32
80,79.25,5.12,kieta,1564246171,-6.22,155.63
70,84.65,8.25,butaritari,1564246171,3.07,172.79
58,53.6,11.61,mount isa,1564246171,-20.73,139.49
68,75.99,10.29,muros,1564246171,42.77,-9.06
94,67.37,2.62,preobrazheniye,1564246171,42.9,133.91
73,71.6,9.17,geraldton,1564246172,49.72,-86.95
83,42.71,4.36,nanortalik,1564246172,60.14,-45.24
82,60.8,4.7,lebu,1564246172,8.96,38.73
16,104.09,7.9,arlit,1564246172,18.74,7.39
94,86.0,5.82,dwarka,1564246173,28.58,77.04
94,86.0,5.82,dinsor,1564246173,28.58,77.04
82,58.01,6.06,phalombe,1564246173,-15.81,35.65
53,77.0,10.29,raudeberg,1564246173,61.99,5.14
63,93.2,8.95,zhifang,1564246173,30.35,114.31
63,93.2,8.95,umzimvubu,1564246173,30.35,114.31
90,68.63,2.06,kitgum,1564246174,3.3,32.88
60,73.4,8.05,kenora,1564246174,49.76,-94.48
65,50.81,4.16,hokitika,1564246174,-42.72,170.96
74,74.75,8.93,kupang,1564246174,-10.16,123.6
80,51.17,4.14,jamestown,1564246026,-33.21,138.6
88,76.55,6.87,vaini,1564246175,15.34,74.49
97,58.91,4.05,juli,1564246175,25.21,100.58
46,55.31,10.58,kanye,1564246175,-24.98,25.34
100,82.4,1.12,seoul,1564245892,37.57,126.98
87,69.89,8.37,samarai,1564246175,-10.62,150.67
52,93.0,7.67,houston,1564245937,29.76,-95.37
88,38.75,3.06,batagay-alyta,1564246176,67.8,130.41
83,68.45,4.16,romny,1564246176,50.74,33.49
100,68.0,14.92,lompoc,1564246176,34.64,-120.46
89,66.65,9.93,smolenka,1564246176,54.15,22.76
98,34.25,8.08,dikson,1564246177,73.51,80.55
38,88.0,11.99,sitka,1564246177,37.17,-99.65
82,80.69,11.95,sinnamary,1564246177,5.38,-52.96
83,77.0,11.41,ribeira grande,1564246177,38.52,-28.7
75,46.0,8.05,new norfolk,1564246178,-42.78,147.06
88,62.6,13.87,klaksvik,1564246178,62.23,-6.59
56,75.0,9.17,ambon,1564246178,47.55,-2.56
62,53.6,13.87,tuktoyaktuk,1564246178,69.44,-133.03
60,78.8,16.11,casablanca,1564246100,33.6,-7.62
38,80.01,12.75,portales,1564246119,34.19,-103.33
69,84.29,2.42,coahuayana,1564246179,18.62,-100.35
81,76.19,8.37,takoradi,1564246179,4.89,-1.75
56,72.0,16.11,green river,1564246085,41.53,-109.47
42,89.01,5.82,port elizabeth,1564246094,39.31,-74.98
34,82.4,6.71,vysokopillya,1564246179,47.49,33.53
93,51.8,5.82,esperance,1564246179,-33.86,121.89
93,51.8,5.82,mys shmidta,1564246179,-33.86,121.89
82,55.4,6.93,luderitz,1564246092,-26.65,15.16
88,73.31,2.24,matagami,1564246180,9.67,8.4
81,78.53,21.36,faanui,1564246075,-16.48,-151.75
95,46.0,6.04,lakes entrance,1564246180,-37.88,147.99
74,80.6,11.52,praia da vitoria,1564246180,38.73,-27.07
97,64.0,7.16,llanes,1564246181,43.42,-4.75
79,38.39,10.4,cherskiy,1564246067,68.75,161.3
79,38.39,10.4,grand river south east,1564246067,68.75,161.3
94,71.6,17.22,mahebourg,1564246050,-20.41,57.7
79,57.11,3.58,san patricio,1564246181,-26.98,-56.83
66,87.8,5.82,acapulco,1564246091,16.86,-99.88
22,79.25,3.47,santa maria del oro,1564246182,25.95,-105.37
51,43.97,2.46,qaanaaq,1564246182,77.48,-69.36
83,77.0,6.93,kahului,1564246092,20.89,-156.47
88,66.0,12.75,saint-pierre,1564246182,48.95,4.24
85,78.53,11.88,joetsu,1564246182,37.15,138.24
47,55.4,8.05,yellowknife,1564246182,62.45,-114.38
70,59.63,1.92,itaqui,1564246183,-29.13,-56.55
72,56.39,4.14,bluff,1564246183,-23.58,149.07
79,83.93,25.9,naliya,1564246183,23.26,68.83
46,74.03,14.2,saldanha,1564246060,41.42,-6.55
86,76.91,15.79,bonthe,1564246183,7.53,-12.5
83,60.35,12.26,hualmay,1564246184,-11.1,-77.61
79,57.65,9.06,cidreira,1564246184,-30.17,-50.22
82,64.0,5.82,fortuna,1564246184,40.6,-124.16
17,88.61,3.18,kaka,1564246184,37.35,59.62
94,48.29,2.24,baykit,1564246184,61.68,96.39
69,82.4,8.05,puerto narino,1564246185,-3.77,-70.38
91,47.39,0.74,lata,1564246185,30.78,78.62
91,47.39,0.74,temaraia,1564246185,30.78,78.62
95,71.15,2.8,sungaipenuh,1564246185,-2.08,101.38
77,68.0,13.87,sioux lookout,1564246152,50.1,-91.92
94,75.0,1.99,upata,1564246186,8.02,-62.41
65,51.17,3.27,turukhansk,1564246186,65.8,87.96
93,66.2,13.87,alofi,1564246186,-19.06,-169.92
95,62.15,1.9,mahanoro,1564246186,-19.9,48.8
63,47.39,11.23,saskylakh,1564246048,71.97,114.09
78,82.99,14.99,lasa,1564246187,34.92,32.53
46,45.59,16.8,mar del plata,1564246187,-46.43,-67.52
100,51.01,14.54,ahipara,1564246187,-35.17,173.16
28,59.0,3.36,paredon,1564246187,-18.93,-65.16
87,50.0,5.82,seddon,1564246188,-37.81,144.89
87,50.0,5.82,bur gabo,1564246188,-37.81,144.89
87,50.0,13.87,coquimbo,1564246059,-29.95,-71.34
62,91.0,3.36,brenham,1564246188,30.17,-96.4
75,75.11,11.07,caravelas,1564246188,-17.73,-39.27
72,66.2,6.93,east london,1564246067,-33.02,27.91
72,66.2,6.93,chokwe,1564246067,-33.02,27.91
80,48.0,1.99,hinton,1564246189,53.4,-117.57
63,73.99,27.49,kolobrzeg,1564246050,54.18,15.58
45,84.99,9.17,asgardstrand,1564246189,59.35,10.47
13,98.6,10.29,najran,1564246189,17.54,44.22
48,86.0,8.05,harper,1564246189,30.3,-99.24
48,86.0,8.05,amderma,1564246189,30.3,-99.24
94,71.6,17.22,bambous virieux,1564246190,-20.34,57.76
97,60.35,3.18,vostok,1564246190,46.45,135.83
83,71.6,8.05,avarua,1564246190,-21.21,-159.78
99,54.59,3.65,de-kastri,1564246190,51.48,140.77
48,84.2,4.7,poum,1564246190,41.28,20.71
42,89.6,13.87,avera,1564246191,33.19,-82.53
31,77.0,6.71,anaconda,1564246191,46.13,-112.94
83,77.45,11.92,warri,1564246166,5.52,5.75
100,55.0,15.19,homer,1564246121,59.64,-151.54
72,45.59,1.14,tigil,1564246191,57.8,158.67
27,53.33,15.12,trelew,1564246191,-43.25,-65.31
58,91.4,9.17,saint george,1564246048,39.45,22.34
77,73.99,3.36,half moon bay,1564246192,37.46,-122.43
77,73.99,3.36,urumqi,1564246192,37.46,-122.43
66,71.33,1.99,vao,1564246192,59.1,26.19
66,48.2,6.93,ilulissat,1564246192,69.22,-51.1
84,42.8,7.61,moree,1564246192,-29.46,149.84
79,83.03,13.85,simbahan,1564246192,6.3,120.58
54,87.17,3.47,vega de alatorre,1564246193,20.03,-96.65
48,88.0,17.22,haysville,1564246193,37.56,-97.35
48,88.0,17.22,barentsburg,1564246193,37.56,-97.35
94,80.01,8.01,shimoda,1564246193,34.7,138.93
81,57.65,2.04,oranjemund,1564246193,-28.55,16.43
75,69.35,5.19,ouegoa,1564246194,-20.34,164.44
83,42.71,4.99,upernavik,1564246194,72.79,-56.15
88,69.01,12.75,souillac,1564246194,45.6,-0.6
88,69.01,12.75,belushya guba,1564246194,45.6,-0.6
74,66.0,4.0,bonavista,1564246194,48.65,-53.11
74,66.0,4.0,babanusah,1564246194,48.65,-53.11
81,50.0,2.28,victor harbor,1564246069,-35.55,138.62
76,81.95,10.38,kavieng,1564246195,-2.57,150.8
87,50.0,5.82,olinda,1564246195,-37.84,145.39
39,82.4,15.66,alleroy,1564246195,43.22,46.28
43,58.73,7.63,sokoni,1564246196,-12.89,28.78
67,59.0,11.41,rio grande,1564246196,-32.03,-52.1
87,43.25,13.09,mehamn,1564246196,71.03,27.85
77,76.73,20.87,micheweni,1564246196,-4.97,39.83
69,75.2,2.24,palafrugell,1564246196,41.92,3.16
79,63.41,2.48,miandrivazo,1564246197,-19.53,45.46
66,59.09,0.69,matongo,1564246197,-3.07,29.61
66,59.09,0.69,saleaula,1564246197,-3.07,29.61
74,89.6,6.93,dakar,1564246197,14.69,-17.45
62,89.6,25.28,oranjestad,1564246197,12.52,-70.03
90,47.93,8.14,zyryanka,1564246198,65.73,150.89
38,83.57,12.55,mandera,1564246198,3.94,41.86
83,78.35,9.01,lorengau,1564246198,-2.02,147.27
80,55.31,1.48,nizhniy kuranakh,1564246198,58.84,125.49
80,32.45,4.07,deputatskiy,1564246198,69.3,139.9
86,51.53,8.48,ambositra,1564246199,-20.53,47.24
75,80.15,17.47,surt,1564246138,31.21,16.59
75,80.15,17.47,mendahara,1564246138,31.21,16.59
93,39.83,5.28,leningradskiy,1564246199,69.38,178.42
27,88.61,6.96,pombas,1564246199,-15.9,-54.74
88,78.8,6.93,kloulklubed,1564246200,7.04,134.26
58,91.0,4.14,pochutla,1564246200,15.74,-96.47
98,54.95,4.94,mandal,1564246200,48.82,106.5
98,54.95,4.94,krasnoselkup,1564246200,48.82,106.5
26,101.21,11.92,araouane,1564246200,18.9,-3.53
65,44.6,6.93,coihaique,1564246144,-45.58,-72.07
54,82.0,12.75,shelburne,1564246201,44.08,-80.2
75,50.81,4.07,beringovskiy,1564246201,63.05,179.32
75,50.81,4.07,tsihombe,1564246201,63.05,179.32
41,82.99,11.41,torbay,1564246201,47.66,-52.73
41,82.99,11.41,maghama,1564246201,47.66,-52.73
92,53.01,2.3,coolum beach,1564246202,-26.53,153.09
68,54.05,3.4,gornopravdinsk,1564246202,60.06,69.92
62,44.87,13.22,khatanga,1564246202,71.98,102.47
53,73.4,4.7,goma,1564246202,-1.67,29.23
54,91.0,4.7,texarkana,1564246203,33.44,-94.04
59,66.99,7.14,jackson,1564246081,43.48,-110.76
82,68.0,12.75,reigate,1564246203,51.24,-0.21
100,77.0,1.12,can tho,1564245983,10.04,105.78
74,61.97,6.67,pudozh,1564246203,61.81,36.54
87,64.0,5.82,bowen,1564246147,-20.01,148.25
84,71.69,8.75,ilhabela,1564246204,-23.78,-45.36
69,56.03,7.76,chuy,1564246204,-33.69,-53.46
53,95.0,11.54,gat,1564246204,14.69,-16.54
78,75.2,8.05,tautira,1564246204,-17.73,-149.15
94,73.4,3.36,kathmandu,1564245980,27.71,85.32
88,62.6,8.95,polazna,1564246205,58.29,56.41
54,84.2,12.75,ashtabula,1564245962,41.87,-80.79
83,42.01,2.19,parkes,1564245956,-33.14,148.18
73,73.4,18.34,nouadhibou,1564246086,20.93,-17.03
74,86.0,4.7,laguna,1564246205,16.17,-88.94
76,57.2,6.93,hay river,1564246205,60.82,-115.79
90,36.95,8.81,chokurdakh,1564246206,70.62,147.9
83,78.8,8.05,salalah,1564246206,17.01,54.1
46,71.6,16.11,kijabe,1564246206,-0.95,36.6
44,75.99,5.99,patos de minas,1564246206,-18.6,-46.51
94,78.8,9.17,ahuimanu,1564246206,21.44,-157.84
13,62.15,3.56,shakawe,1564246207,-18.36,21.84
37,91.0,6.93,hanford,1564246207,36.33,-119.65
79,46.67,6.53,lavrentiya,1564246207,65.58,-170.99
98,32.99,5.97,pevek,1564246207,69.7,170.27
82,79.25,11.81,buala,1564246208,-8.15,159.59
36,72.95,12.62,roebourne,1564246208,-20.77,117.15
56,75.0,9.17,vannes,1564246208,47.66,-2.76
96,70.61,4.47,koubia,1564246208,11.59,-11.89
69,48.99,3.49,narrabri,1564246208,-30.33,149.78
74,83.03,8.72,palauig,1564246209,15.44,119.9
62,89.01,9.17,panama city,1564246172,30.16,-85.65
53,82.99,8.05,gerstetten,1564246209,48.62,10.02
72,64.0,10.29,ballina,1564246209,54.11,-9.15
96,73.85,0.4,muroto,1564246209,33.37,134.14
90,49.37,20.67,pangody,1564246210,65.85,74.49
68,70.97,12.84,isangel,1564246210,-19.55,169.27
97,47.75,3.0,toora-khem,1564246210,52.47,96.11
50,82.4,9.17,harnosand,1564246210,62.63,17.94
44,78.01,8.05,mariental,1564246211,-25.72,-49.65
100,53.6,27.51,vestmannaeyjar,1564246211,63.44,-20.27
98,57.65,2.62,rantepao,1564246211,-2.97,119.9
39,81.77,11.77,beyneu,1564246124,45.32,55.19
33,102.2,3.36,abu dhabi,1564245911,24.47,54.37
35,61.43,4.65,opuwo,1564246211,-18.06,13.84
35,90.0,5.82,wilmington,1564246212,39.75,-75.55
93,59.0,4.7,byron bay,1564246212,-28.65,153.62
83,80.6,2.24,victoria,1564246038,5.28,115.24
83,80.6,2.24,andevoranto,1564246038,5.28,115.24
86,76.37,11.86,axim,1564246212,4.87,-2.24
57,84.0,13.87,uddevalla,1564246000,58.35,11.94
71,46.13,1.25,provideniya,1564246213,64.42,-173.23
85,77.45,6.44,san policarpo,1564246213,12.18,125.51
65,82.49,17.34,sur,1564246032,22.57,59.53
62,81.0,3.58,olden,1564246213,61.84,6.81
76,69.89,5.23,demyansk,1564246213,57.64,32.46
92,73.13,10.85,fuxin,1564246214,42.02,121.65
83,79.0,8.05,guaruja,1564246214,-23.99,-46.26
78,73.4,17.22,puerto ayora,1564246041,-0.74,-90.35
93,43.0,1.25,waipawa,1564246214,-39.94,176.59
93,43.0,1.25,tabarqah,1564246214,-39.94,176.59
97,47.39,28.99,severo-kurilsk,1564246214,50.68,156.12
97,47.39,28.99,tuggurt,1564246214,50.68,156.12
62,83.21,0.74,hithadhoo,1564246215,-0.6,73.08
91,57.29,6.85,charters towers,1564246215,-20.07,146.27
82,63.0,6.24,pacific grove,1564246215,36.62,-121.92
73,53.87,1.52,matara,1564246215,-3.48,29.48
83,82.0,11.18,qingdao,1564246216,36.09,120.35
97,44.69,24.0,ostrovnoy,1564246216,68.05,39.51
69,79.79,7.31,disa,1564246216,11.03,13.59
83,73.85,7.23,surin,1564246107,14.88,103.49
35,87.35,5.48,boca do acre,1564246216,-8.76,-67.39
60,78.01,10.29,bemidji,1564246217,47.48,-94.89
29,69.71,5.77,ovalle,1564246217,-30.6,-71.2
93,48.2,11.41,pangnirtung,1564246217,66.15,-65.72
54,87.01,8.05,morehead,1564246217,38.18,-83.43
54,87.01,8.05,cagayan de tawi-tawi,1564246217,38.18,-83.43
82,60.8,6.93,lima,1564246217,-12.06,-77.04
93,55.4,6.93,kenai,1564246139,60.55,-151.26
82,71.6,5.82,tromso,1564246218,69.65,18.96
93,41.0,11.41,clyde river,1564246218,70.47,-68.59
55,76.37,5.19,karema,1564246219,-6.82,30.44
95,57.65,0.76,pokhara,1564246219,28.21,83.99
94,75.2,5.82,kourou,1564246056,5.16,-52.64
56,75.0,4.7,sparks,1564246220,39.53,-119.75
41,91.4,9.17,velika kladusa,1564246220,45.19,15.81
41,91.4,9.17,ngukurr,1564246220,45.19,15.81
64,75.2,2.24,zlynka,1564246220,52.43,31.74
74,88.0,6.71,jiaxing,1564246221,30.76,120.75
74,88.0,6.71,wolmaranstad,1564246221,30.76,120.75
74,88.0,6.71,fort saint john,1564246221,30.76,120.75
74,88.0,6.71,sahrak,1564246221,30.76,120.75
95,64.85,10.87,nemuro,1564246221,43.32,145.57
93,46.4,6.71,aykhal,1564246221,65.95,111.51
86,71.15,11.14,mayumba,1564246127,-3.44,10.65
63,60.8,6.93,iquique,1564246051,-20.22,-70.14
37,84.99,6.93,mondovi,1564246222,44.57,-91.67
37,84.99,6.93,karakendzha,1564246222,44.57,-91.67
37,84.99,6.93,mocambique,1564246222,44.57,-91.67
84,80.87,1.45,pipri,1564246222,24.21,83.02
74,90.0,3.36,metairie,1564246222,29.99,-90.15
74,75.11,6.35,sao filipe,1564246222,14.9,-24.5
33,91.4,11.41,hovd,1564246223,63.83,10.7
48,68.0,4.5,san felipe,1564246223,-32.75,-70.73
48,68.0,4.5,banmo,1564246223,-32.75,-70.73
39,84.2,6.93,romitan,1564246223,39.93,64.38
62,86.0,4.7,mersin,1564246224,36.81,34.63
62,86.0,4.7,tunxi,1564246224,36.81,34.63
73,75.83,19.33,fort-shevchenko,1564246224,44.51,50.26
73,75.83,19.33,guajara-mirim,1564246224,44.51,50.26
67,59.0,5.82,la ligua,1564246224,-32.45,-71.23
47,50.99,5.66,lichtenburg,1564246224,-26.15,26.16
69,86.0,5.82,ajaccio,1564246225,41.93,8.74
77,58.01,1.66,verkh-usugli,1564246225,52.7,115.17
99,66.47,4.21,anshun,1564246225,26.25,105.93
100,53.6,8.95,petropavlovsk-kamchatskiy,1564246020,53.05,158.65
94,82.4,6.93,amethi,1564246225,26.76,81.16
74,86.0,4.47,liangxiang,1564246226,39.73,116.14
16,105.71,19.04,atar,1564246226,20.52,-13.05
21,93.2,4.7,sayat,1564246226,38.78,63.88
89,76.19,8.97,deori,1564246226,23.12,78.69
71,55.0,2.24,whitehorse,1564246227,60.72,-135.06
76,82.13,13.96,kavaratti,1564246115,10.57,72.64
76,82.13,13.96,tiruvottiyur,1564246115,10.57,72.64
76,82.13,13.96,hlotse,1564246115,10.57,72.64
71,46.49,5.08,altay,1564246227,47.83,88.13
83,78.8,8.05,natal,1564246227,-5.81,-35.21
47,78.8,12.75,dingolfing,1564246227,48.63,12.5
42,88.0,8.05,vardo,1564246228,39.62,-77.74
92,73.99,1.01,marawi,1564246228,8.0,124.29
90,58.73,3.24,inhambane,1564246228,-23.87,35.38
93,42.35,8.43,iskateley,1564246228,67.68,53.15
96,73.67,7.63,jinzhou,1564246229,41.11,121.12
41,60.8,9.17,salta,1564246229,-24.79,-65.41
52,91.4,3.36,itaituba,1564246229,-4.26,-55.99
66,86.0,9.17,saint-louis,1564246229,16.03,-16.5
48,82.4,6.93,sao joao da barra,1564246229,-21.64,-41.05
70,90.0,10.29,edgewater,1564246230,28.99,-80.9
31,46.4,8.37,alice springs,1564246230,-23.7,133.88
46,54.41,12.26,zhigansk,1564246230,66.77,123.37
61,78.8,4.7,nago,1564246230,45.88,10.89
62,87.8,5.82,pointe michel,1564246231,15.25,-61.38
64,68.0,4.47,aksu,1564246231,52.04,76.93
77,62.6,3.09,kununurra,1564246231,-15.77,128.74
83,78.53,17.74,yatou,1564246231,3.63,9.81
87,55.99,13.87,wellington,1564246173,-41.29,174.78
23,101.39,8.81,gao,1564245989,16.28,-0.04
35,90.0,13.87,havelock,1564245996,34.88,-76.9
35,90.0,13.87,korla,1564245996,34.88,-76.9
77,64.99,16.11,eyrarbakki,1564246232,63.86,-21.15
77,64.99,16.11,kadykchan,1564246232,63.86,-21.15
77,64.99,16.11,lokken verk,1564246232,63.86,-21.15
61,79.0,4.7,mantua,1564246232,45.16,10.79
69,78.8,4.7,versalles,1564246233,4.58,-76.2
87,44.6,8.05,ancud,1564246233,-41.87,-73.83
43,71.6,2.24,svetlogorsk,1564246233,53.14,59.15
43,71.6,2.24,gulshat,1564246233,53.14,59.15
55,54.23,3.94,at-bashi,1564246233,41.17,75.81
87,60.8,11.41,imbituba,1564246233,-28.24,-48.67
67,64.49,3.02,yerbogachen,1564246078,61.28,108.01
84,75.29,2.06,kalmunai,1564246128,7.42,81.82
33,57.65,7.02,la asuncion,1564246234,-26.05,-65.39
77,53.51,2.39,marau,1564246234,-28.45,-52.2
42,77.99,2.48,mimoso do sul,1564246234,-21.07,-41.37
94,59.09,1.48,xinqing,1564246235,48.28,129.53
94,59.09,1.48,yuzhno-yeniseyskiy,1564246235,48.28,129.53
87,57.2,2.24,talaya,1564246235,55.79,84.89
87,57.2,2.24,yalchiki,1564246235,55.79,84.89
38,89.6,16.11,antequera,1564246235,37.02,-4.56
45,53.51,6.46,serenje,1564246236,-13.23,30.22
15,64.13,5.84,nokaneng,1564246236,-19.66,22.19
49,74.93,6.82,chingirlau,1564246236,51.09,54.08
94,71.6,17.22,grand gaube,1564246236,-20.01,57.66
94,71.6,17.22,paradwip,1564246236,-20.01,57.66
68,50.09,8.63,haines junction,1564246237,60.75,-137.51
94,75.2,5.82,cayenne,1564246237,4.94,-52.33
36,75.2,16.11,santa maria,1564246237,-16.02,-48.01
36,75.2,16.11,mrirt,1564246237,-16.02,-48.01
88,66.11,4.83,ruteng,1564246238,-8.61,120.46
88,66.11,4.83,skagastrond,1564246238,-8.61,120.46
87,59.63,2.44,xai-xai,1564246238,-25.04,33.64
87,55.4,4.7,northam,1564246238,-31.65,116.67
87,55.4,4.7,karauzyak,1564246238,-31.65,116.67
93,55.4,9.35,noumea,1564246238,-22.28,166.46
92,69.35,1.28,banjar,1564246238,-7.37,108.54
27,53.33,15.12,rawson,1564246239,-43.3,-65.11
58,91.4,9.17,chara,1564246239,39.42,22.43
20,77.81,12.28,zhezkazgan,1564246239,47.8,67.71
92,44.51,9.53,hofn,1564246239,64.25,-15.21
85,65.57,4.9,zhangjiakou,1564246240,40.77,114.88
94,52.43,2.64,novobirilyussy,1564246240,56.95,90.69
93,64.99,23.04,grindavik,1564246240,63.84,-22.43
86,52.61,4.97,tura,1564246240,64.27,100.22
33,67.01,11.52,santiago del estero,1564246241,-27.8,-64.26
92,42.71,3.13,manali,1564246241,32.25,77.19
92,42.71,3.13,vaitupu,1564246241,32.25,77.19
81,46.4,8.95,talnakh,1564246241,69.49,88.39
80,74.75,1.92,ambilobe,1564246241,-13.19,49.05
77,60.8,5.82,ilo,1564246242,-17.65,-71.34
93,46.0,4.0,tuatapere,1564246242,-46.13,167.69
98,67.37,0.96,ouango,1564246242,4.31,22.55
15,82.49,7.25,dehloran,1564246242,32.69,47.27
66,83.03,8.23,banda aceh,1564246083,5.56,95.32
93,42.35,10.18,sisimiut,1564246242,66.94,-53.67
29,75.11,5.73,mayor pablo lagerenza,1564246243,-19.93,-60.77
21,95.0,11.41,constantine,1564246243,36.36,6.61
92,71.69,13.98,nagar karnul,1564246243,16.48,78.32
86,53.33,2.91,achinsk,1564246243,56.27,90.5
39,82.99,6.93,fallon,1564246244,46.84,-105.12
44,84.99,6.93,miles city,1564246244,46.41,-105.84
51,84.2,14.99,kalamazoo,1564246052,42.29,-85.59
93,59.0,5.82,gladstone,1564246244,-23.84,151.26
72,53.51,5.59,port lincoln,1564246244,-34.72,135.86
82,64.49,1.21,gebre guracha,1564246244,9.8,38.4
86,52.43,1.01,chipinge,1564246245,-20.19,32.62
99,56.39,5.03,khuzhir,1564246245,53.19,107.35
94,71.6,17.22,quatre cocos,1564246245,-20.21,57.76
43,89.51,5.06,santo antonio do ica,1564246245,-3.1,-67.94
66,84.0,14.0,goderich,1564246246,43.74,-81.71
87,73.0,20.8,harstad,1564246246,68.8,16.53
68,68.0,8.95,sarmanovo,1564246246,55.25,52.59
74,64.49,4.7,abdulino,1564246246,53.68,53.66
79,90.0,9.46,nome,1564246246,30.04,-94.42
16,92.57,8.7,waddan,1564246247,29.16,16.14
85,80.33,13.18,bubaque,1564246247,11.28,-15.83
29,91.4,6.13,safford,1564246247,32.83,-109.71
82,80.69,19.84,hambantota,1564246247,6.12,81.12
50,90.59,6.96,oriximina,1564246248,-1.77,-55.87
74,78.8,16.11,vonyarcvashegy,1564246248,46.76,17.31
83,78.01,18.34,lagoa,1564246084,37.14,-8.45
68,69.8,12.75,plouzane,1564246248,48.38,-4.62
51,89.33,16.53,qandala,1564246248,11.47,49.87
74,84.2,3.09,palmito,1564246249,9.33,-75.54
84,85.73,10.4,bani,1564246249,16.02,42.93
89,60.71,1.92,dalmatovo,1564246249,56.26,62.94
89,60.71,1.92,unye,1564246249,56.26,62.94
91,72.59,7.05,gorontalo,1564246250,0.54,123.06
81,52.0,5.3,palmer,1564246250,-34.85,139.16
90,75.65,5.88,yenagoa,1564246250,4.92,6.26
69,81.0,4.7,bud,1564246250,62.91,6.91
69,81.0,4.7,burica,1564246250,62.91,6.91
79,89.6,9.17,oussouye,1564246251,12.49,-16.54
73,76.19,8.59,conde,1564246251,-11.81,-37.61
83,77.0,6.93,lahaina,1564246251,20.87,-156.68
78,82.0,8.05,mier,1564246251,46.13,12.19
78,82.0,8.05,khonuu,1564246251,46.13,12.19
78,82.0,8.05,karamay,1564246251,46.13,12.19
64,67.55,9.75,yantal,1564246252,56.85,105.25
82,70.25,2.77,yongan,1564246074,39.7,113.69
42,86.0,8.05,lohja,1564246252,60.25,24.07
41,78.8,5.82,mahajanga,1564246252,-15.72,46.32
97,73.31,0.27,gunupur,1564246253,19.07,83.81
66,65.21,8.37,khash,1564246253,28.22,61.21
35,87.01,17.22,winsum,1564246253,53.33,6.52
83,68.99,4.7,male,1564246253,50.74,33.7
35,50.0,4.7,neuquen,1564246076,-38.95,-68.06
60,71.01,6.93,ferndale,1564246254,48.85,-122.59
57,85.55,10.2,aden,1564246221,12.79,45.03
77,73.0,3.36,pacifica,1564246230,37.61,-122.49
53,86.0,10.16,shache,1564246136,38.42,77.24
47,80.6,13.87,chapais,1564246254,49.78,-74.86
47,80.6,13.87,asau,1564246254,49.78,-74.86
92,47.39,22.19,nadym,1564246254,65.53,72.51
80,52.0,3.0,murray bridge,1564246255,-35.12,139.28
78,82.31,12.39,dhidhdhoo,1564246255,6.88,73.1
87,75.11,2.57,dingle,1564246255,11.0,122.67
98,61.97,8.14,mukhen,1564246255,48.19,136.14
94,64.67,8.79,hailar,1564246255,49.2,119.7
67,82.49,3.29,kudahuvadhoo,1564246256,2.67,72.89
67,82.49,3.29,barbar,1564246256,2.67,72.89
97,69.17,3.49,kamaishi,1564246256,39.28,141.86
36,72.77,15.5,karratha,1564246256,-20.74,116.85
72,59.0,4.0,mercedes,1564246256,-33.25,-58.03
68,73.99,12.75,carballo,1564246257,43.21,-8.69
42,84.99,3.36,orahovac,1564246257,42.4,20.65
93,59.0,9.17,ketchikan,1564245964,55.34,-131.65
78,75.2,8.05,tiarei,1564246257,-17.53,-149.33
78,75.2,8.05,stekolnyy,1564246257,-17.53,-149.33
48,91.0,9.17,destin,1564245996,30.39,-86.5
98,74.03,1.23,jiaocheng,1564246258,24.68,116.14
78,77.0,13.87,szazhalombatta,1564246258,47.33,18.92
76,51.8,25.28,iqaluit,1564246258,63.75,-68.52
76,51.8,25.28,sumbawa,1564246258,63.75,-68.52
79,81.59,12.55,ormara,1564246125,25.21,64.64
62,86.0,13.87,tipitapa,1564246259,12.2,-86.1
62,86.0,13.87,satitoa,1564246259,12.2,-86.1
87,77.63,4.12,helong,1564246259,25.94,116.13
70,84.29,3.15,jeremie,1564246259,18.65,-74.12
61,45.59,4.05,verkhoyansk,1564246260,67.55,133.39
69,77.0,9.17,ribeira brava,1564246260,32.65,-17.07
88,80.01,10.29,meaford,1564246260,44.61,-80.59
88,75.99,4.7,yamada,1564246260,36.58,137.08
88,75.99,4.7,tumannyy,1564246260,36.58,137.08
88,75.99,4.7,chengmai,1564246260,36.58,137.08
83,78.8,8.05,touros,1564246261,-5.2,-35.46
76,70.97,4.21,maumere,1564246261,-8.63,122.22
76,70.97,4.21,phan rang,1564246261,-8.63,122.22
76,70.97,4.21,bargal,1564246261,-8.63,122.22
45,91.0,3.62,sylacauga,1564246261,33.17,-86.25
39,82.4,10.29,rovaniemi,1564246261,66.5,25.72
36,78.8,3.36,porto novo,1564246262,-23.68,-45.44
27,77.63,15.55,hami,1564246262,42.84,93.51
81,50.0,8.05,sunbury,1564246262,-37.58,144.73
72,82.67,0.54,sibolga,1564246262,1.74,98.78
93,55.0,8.68,henties bay,1564246263,-22.12,14.28
22,101.39,3.02,filingue,1564246263,14.35,3.32
27,91.85,7.31,jaru,1564246263,-10.43,-62.48
83,80.33,16.42,srivardhan,1564246263,18.03,73.02
46,75.0,8.05,merrill,1564246264,42.03,-121.6
65,82.4,9.17,rovira,1564246264,4.24,-75.24
63,83.93,9.89,tiruchchendur,1564246264,8.48,78.12
63,83.93,9.89,marcona,1564246264,8.48,78.12
78,80.6,6.93,kuching,1564246264,1.56,110.34
94,74.39,6.11,naze,1564246265,5.43,7.07
46,91.4,17.22,itarema,1564246265,-2.92,-39.92
71,55.4,6.71,barsovo,1564246265,61.17,73.17
92,75.11,6.02,ughelli,1564246265,5.49,6.0
80,57.11,6.93,tayshet,1564246265,55.94,98.01
42,84.99,5.82,sheridan,1564246265,39.65,-105.03
87,50.0,25.28,zapolyarnyy,1564246266,69.43,30.82
90,49.01,3.83,severo-yeniseyskiy,1564246266,60.37,93.04
100,53.01,8.05,kiama,1564246266,-34.67,150.86
95,73.49,3.6,tezu,1564246267,27.93,96.16
77,78.35,9.08,trincomalee,1564246267,8.58,81.23
82,59.0,14.99,mackay,1564246267,53.65,-115.58
82,79.79,10.38,panguna,1564246267,-6.32,155.48
35,60.17,5.53,kasempa,1564246268,-13.46,25.83
52,62.69,4.83,tsiroanomandidy,1564246268,-18.77,46.05
88,74.21,4.14,hojai,1564246268,26.0,92.85
88,74.21,4.14,cazaje,1564246268,26.0,92.85
56,71.6,16.11,sorland,1564246268,67.67,12.69
73,52.25,7.49,lokosovo,1564246268,61.13,74.84
55,59.45,7.54,illapel,1564246269,-31.63,-71.17
69,87.01,11.41,huntington,1564246079,40.87,-73.43
83,77.0,12.75,port-gentil,1564246269,-0.72,8.78
48,89.01,4.7,saint-augustin,1564246269,45.63,-73.98
32,84.99,17.22,petershagen,1564246269,52.38,8.97
83,45.95,4.5,te anau,1564246270,-45.41,167.72
88,68.0,8.05,aberdeen,1564245971,46.98,-123.82
57,78.8,31.09,aguimes,1564246270,27.91,-15.45
77,69.8,10.29,mareeba,1564246270,-16.99,145.42
87,45.59,13.85,honningsvag,1564246270,70.98,25.97
87,45.59,13.85,honningsvag,1564246270,70.98,25.97
